Customer_ID,Doanh_Thu_Thang,Tan_Suat_Mua_Hang,Gia_Tri_Don_Hang_TB,Thoi_Gian_Su_Dung,Diem_Trung_Thanh,Tuoi,Loai_Khach_Hang
CUST1522,870000,8,456000,16,64,40,Standard
CUST1738,630000,4,155000,9,48,21,Basic
CUST1741,360000,3,228000,14,30,22,Basic
CUST1661,1100000,9,454000,21,60,44,Standard
CUST1412,1100000,6,505000,17,74,64,Standard
CUST1679,1010000,8,496000,15,53,39,Standard
CUST1627,1270000,9,472000,18,68,40,Standard
CUST1514,1300000,6,546000,19,49,29,Standard
CUST1860,410000,3,207000,21,44,19,Basic
CUST1137,2580000,14,858000,30,82,43,Premium
CUST1812,520000,3,207000,10,70,39,Basic
CUST1077,2470000,10,795000,19,95,35,Premium
CUST1637,1170000,6,418000,13,62,43,Standard
CUST1974,90000,1,111000,4,10,18,New
CUST1939,420000,3,163000,15,46,30,Basic
CUST1900,360000,4,212000,14,30,30,Basic
CUST1281,1330000,6,378000,19,56,52,Standard
CUST1884,570000,3,190000,11,52,32,Basic
CUST1762,590000,2,273000,12,40,26,Basic
CUST1320,890000,5,387000,16,64,35,Standard
CUST1550,1010000,4,584000,14,56,51,Standard
CUST1175,2450000,14,915000,17,92,43,Premium
CUST1372,1530000,5,301000,22,60,48,Standard
CUST1528,1160000,5,358000,11,62,42,Standard
CUST1211,2670000,12,904000,20,86,27,Premium
CUST1236,2900000,13,896000,36,82,41,Premium
CUST1102,2270000,10,672000,32,88,35,Premium
CUST1987,190000,0,119000,4,38,26,New
CUST1903,420000,4,165000,14,42,18,Basic
CUST1948,400000,3,172000,8,55,24,Basic
CUST1347,1370000,8,439000,16,65,46,Standard
CUST1140,2490000,12,1005000,20,90,34,Premium
CUST1622,1350000,8,354000,9,72,32,Standard
CUST1500,1060000,6,471000,13,68,38,Standard
CUST1371,1180000,5,510000,17,60,53,Standard
CUST1199,2670000,10,861000,18,82,37,Premium
CUST1688,1440000,6,475000,14,58,58,Standard
CUST1585,1150000,4,476000,18,69,35,Standard
CUST1902,350000,4,190000,15,41,24,Basic
CUST1060,2490000,10,848000,24,87,30,Premium
CUST1329,1210000,8,497000,6,70,42,Standard
CUST1097,2570000,14,702000,31,87,33,Premium
CUST1313,1190000,7,555000,24,61,38,Standard
CUST1975,190000,1,188000,4,16,20,New
CUST1300,1290000,5,424000,15,74,40,Standard
CUST1278,830000,5,554000,18,57,35,Standard
CUST1925,460000,1,302000,13,41,39,Basic
CUST1602,1090000,8,342000,16,65,41,Standard
CUST1440,1590000,8,465000,22,57,44,Standard
CUST1838,480000,1,314000,8,37,24,Basic
CUST1571,1130000,6,484000,20,51,51,Standard
CUST1880,460000,4,126000,8,39,29,Basic
CUST1262,1260000,7,325000,16,71,27,Standard
CUST1579,1160000,6,443000,18,65,29,Standard
CUST1024,4910000,21,1845000,50,90,46,VIP
CUST1031,4810000,22,1586000,44,94,51,VIP
CUST1618,1070000,5,439000,19,61,54,Standard
CUST1011,4260000,24,1579000,30,97,56,VIP
CUST1222,2220000,12,729000,28,93,42,Premium
CUST1821,670000,3,229000,16,49,24,Basic
CUST1297,1130000,6,416000,15,54,39,Standard
CUST1055,2200000,10,966000,29,88,39,Premium
CUST1543,1380000,8,479000,19,58,33,Standard
CUST1210,2870000,10,1017000,27,81,35,Premium
CUST1605,1630000,5,383000,21,53,34,Standard
CUST1693,1270000,5,529000,17,69,35,Standard
CUST1663,1320000,6,478000,19,69,54,Standard
CUST1867,600000,3,158000,15,42,24,Basic
CUST1071,3120000,16,825000,30,88,43,Premium
CUST1544,1490000,8,431000,18,58,52,Standard
CUST1108,2420000,9,825000,24,72,35,Premium
CUST1494,1480000,4,384000,16,61,29,Standard
CUST1591,1320000,8,520000,14,76,43,Standard
CUST1742,410000,3,224000,16,41,24,Basic
CUST1293,1120000,3,491000,23,64,50,Standard
CUST1290,1410000,4,366000,14,73,57,Standard
CUST1653,1450000,5,330000,18,64,45,Standard
CUST1040,5570000,27,1395000,41,93,52,VIP
CUST1590,1670000,8,504000,15,65,38,Standard
CUST1308,1140000,6,463000,14,75,31,Standard
CUST1680,1160000,6,421000,10,62,37,Standard
CUST1067,1990000,15,839000,31,77,31,Premium
CUST1276,1370000,6,466000,17,68,37,Standard
CUST1068,2500000,12,805000,28,80,34,Premium
CUST1319,1010000,6,589000,27,70,45,Standard
CUST1549,1120000,6,563000,8,75,43,Standard
CUST1999,170000,1,116000,7,15,29,New
CUST1715,420000,3,177000,13,57,33,Basic
CUST1754,530000,2,176000,15,49,45,Basic
CUST1328,1350000,7,494000,18,63,38,Standard
CUST1383,1270000,5,384000,20,68,54,Standard
CUST1452,1280000,6,422000,24,58,55,Standard
CUST1523,900000,8,453000,20,73,30,Standard
CUST1219,2830000,13,847000,29,92,38,Premium
CUST1788,500000,3,196000,2,47,24,Basic
CUST1437,1100000,6,487000,24,71,48,Standard
CUST1765,480000,4,251000,15,41,19,Basic
CUST1089,2580000,10,914000,17,85,28,Premium
CUST1064,3160000,10,766000,22,74,32,Premium
CUST1827,480000,4,197000,14,42,20,Basic
CUST1717,390000,3,151000,10,42,18,Basic
CUST1352,1070000,7,424000,20,61,38,Standard
CUST1937,480000,3,220000,12,42,18,Basic
CUST1257,1350000,5,356000,7,65,58,Standard
CUST1636,1050000,7,381000,18,55,22,Standard
CUST1645,1180000,5,476000,25,66,50,Standard
CUST1555,1470000,7,450000,16,56,48,Standard
CUST1960,140000,0,117000,5,20,32,New
CUST1169,2810000,11,982000,26,95,31,Premium
CUST1918,520000,2,176000,15,37,18,Basic
CUST1529,1230000,5,374000,20,54,48,Standard
CUST1824,600000,2,229000,11,46,22,Basic
CUST1986,180000,1,138000,7,23,18,New
CUST1817,330000,2,234000,14,42,20,Basic
CUST1087,2650000,10,860000,29,77,38,Premium
CUST1433,1240000,6,518000,9,60,42,Standard
CUST1185,2830000,10,911000,20,82,46,Premium
CUST1979,120000,1,81000,6,29,18,New
CUST1535,1060000,5,388000,21,72,45,Standard
CUST1295,1200000,5,624000,17,66,46,Standard
CUST1893,520000,4,173000,15,32,21,Basic
CUST1426,930000,3,600000,20,58,45,Standard
CUST1714,490000,3,305000,7,54,36,Basic
CUST1261,1250000,5,256000,22,71,37,Standard
CUST1238,2390000,10,746000,15,95,28,Premium
CUST1560,1130000,6,456000,9,69,30,Standard
CUST1584,1210000,5,544000,15,65,41,Standard
CUST1446,1110000,7,471000,16,57,20,Standard
CUST1868,510000,4,319000,14,54,24,Basic
CUST1801,550000,3,130000,10,43,18,Basic
CUST1600,1500000,8,372000,22,68,38,Standard
CUST1850,490000,3,244000,9,39,29,Basic
CUST1266,1040000,2,485000,22,46,30,Standard
CUST1996,200000,1,121000,2,29,20,New
CUST1530,1050000,5,333000,16,73,45,Standard
CUST1056,2500000,10,858000,22,90,34,Premium
CUST1121,2590000,9,715000,29,86,34,Premium
CUST1216,2620000,17,849000,29,85,34,Premium
CUST1026,4630000,26,1664000,42,96,39,VIP
CUST1073,2420000,13,1000000,25,93,27,Premium
CUST1045,4370000,21,2126000,29,94,46,VIP
CUST1248,3020000,11,872000,30,78,24,Premium
CUST1722,440000,4,285000,11,50,19,Basic
CUST1282,1160000,6,473000,17,70,35,Standard
CUST1894,320000,3,198000,12,45,21,Basic
CUST1915,260000,4,207000,13,39,25,Basic
CUST1811,450000,2,166000,8,44,18,Basic
CUST1245,2330000,13,1017000,27,79,38,Premium
CUST1823,650000,4,177000,14,45,38,Basic
CUST1322,740000,6,538000,26,55,45,Standard
CUST1644,1110000,6,414000,15,65,38,Standard
CUST1159,2490000,12,826000,27,79,44,Premium
CUST1978,130000,0,83000,5,18,19,New
CUST1430,1770000,4,567000,22,67,58,Standard
CUST1942,440000,5,272000,15,44,29,Basic
CUST1463,1210000,4,411000,17,63,38,Standard
CUST1310,1450000,5,561000,17,67,43,Standard
CUST1698,1080000,5,412000,19,84,33,Standard
CUST1061,2660000,15,839000,27,88,33,Premium
CUST1885,470000,4,194000,9,39,20,Basic
CUST1596,1190000,8,476000,19,55,43,Standard
CUST1768,660000,4,145000,11,42,32,Basic
CUST1650,1170000,8,561000,21,68,44,Standard
CUST1651,1140000,6,584000,14,78,37,Standard
CUST1866,440000,3,228000,10,30,25,Basic
CUST1669,1150000,7,452000,12,57,42,Standard
CUST1299,1310000,8,300000,18,64,47,Standard
CUST1690,1230000,5,446000,19,72,40,Standard
CUST1315,1240000,6,385000,20,61,40,Standard
CUST1311,1220000,7,513000,11,75,23,Standard
CUST1362,1090000,4,431000,20,73,39,Standard
CUST1480,1240000,5,375000,15,67,38,Standard
CUST1111,2330000,11,847000,22,81,36,Premium
CUST1990,230000,1,137000,3,37,43,New
CUST1487,1210000,7,458000,23,59,47,Standard
CUST1364,1650000,6,435000,17,64,54,Standard
CUST1255,1180000,8,601000,24,61,29,Standard
CUST1260,1200000,7,523000,15,77,37,Standard
CUST1803,570000,2,215000,11,56,21,Basic
CUST1678,1060000,6,371000,15,67,43,Standard
CUST1495,1490000,6,478000,16,50,43,Standard
CUST1671,1680000,4,302000,21,60,37,Standard
CUST1378,1500000,4,504000,23,51,43,Standard
CUST1527,1000000,6,556000,19,60,45,Standard
CUST1846,380000,3,230000,7,47,29,Basic
CUST1138,3190000,11,805000,32,93,32,Premium
CUST1356,1340000,6,504000,20,62,34,Standard
CUST1366,930000,7,612000,13,67,33,Standard
CUST1943,490000,4,156000,10,53,28,Basic
CUST1750,590000,5,160000,15,28,18,Basic
CUST1949,370000,3,203000,7,48,20,Basic
CUST1830,350000,2,269000,12,48,18,Basic
CUST1657,1500000,4,422000,15,68,52,Standard
CUST1200,2020000,13,848000,28,86,43,Premium
CUST1214,2560000,11,863000,24,89,41,Premium
CUST1409,1090000,5,377000,15,64,33,Standard
CUST1333,1490000,7,478000,22,65,31,Standard
CUST1209,2570000,9,883000,29,75,37,Premium
CUST1614,1490000,6,360000,16,66,52,Standard
CUST1079,2340000,11,822000,13,77,43,Premium
CUST1030,4640000,27,1803000,52,94,67,VIP
CUST1536,1490000,4,583000,24,71,58,Standard
CUST1696,940000,6,411000,14,64,45,Standard
CUST1558,1040000,8,373000,25,63,56,Standard
CUST1837,290000,5,208000,13,45,22,Basic
CUST1597,1080000,5,385000,14,82,53,Standard
CUST1166,2560000,8,825000,22,80,33,Premium
CUST1919,480000,3,207000,14,50,30,Basic
CUST1496,870000,6,341000,26,72,41,Standard
CUST1825,670000,4,163000,8,42,31,Basic
CUST1066,2230000,13,718000,34,91,32,Premium
CUST1142,2590000,17,786000,22,82,32,Premium
CUST1926,400000,3,191000,14,44,18,Basic
CUST1828,490000,3,167000,11,37,37,Basic
CUST1656,1380000,8,521000,21,65,44,Standard
CUST1332,1400000,7,399000,20,71,48,Standard
CUST1665,1300000,3,494000,16,80,32,Standard
CUST1250,2960000,16,1056000,31,90,39,Premium
CUST1908,410000,2,238000,11,34,42,Basic
CUST1709,550000,3,254000,13,47,19,Basic
CUST1306,1390000,6,526000,19,60,44,Standard
CUST1735,490000,4,194000,11,49,35,Basic
CUST1976,160000,1,118000,4,11,18,New
CUST1050,4680000,23,1980000,42,97,50,VIP
CUST1897,760000,1,230000,10,40,23,Basic
CUST1003,4620000,19,1455000,36,92,48,VIP
CUST1545,1380000,9,380000,16,67,46,Standard
CUST1351,1330000,5,380000,23,55,56,Standard
CUST1905,480000,4,248000,12,39,18,Basic
CUST1537,920000,5,391000,21,57,48,Standard
CUST1345,1300000,5,255000,17,76,49,Standard
CUST1995,220000,1,126000,8,28,20,New
CUST1482,1140000,8,419000,20,66,19,Standard
CUST1576,1150000,4,440000,16,42,61,Standard
CUST1034,4530000,22,1872000,44,98,53,VIP
CUST1032,4740000,25,1631000,28,94,52,VIP
CUST1232,2890000,15,853000,21,87,31,Premium
CUST1964,150000,1,63000,5,30,42,New
CUST1193,2310000,9,1014000,30,82,49,Premium
CUST1334,1220000,5,396000,17,59,37,Standard
CUST1004,4050000,21,2093000,38,95,34,VIP
CUST1205,2440000,12,854000,24,90,48,Premium
CUST1515,1210000,6,445000,23,49,41,Standard
CUST1800,480000,2,224000,6,29,34,Basic
CUST1307,1020000,6,447000,17,64,21,Standard
CUST1110,3270000,12,851000,25,86,34,Premium
CUST1431,1320000,7,446000,23,74,34,Standard
CUST1078,2290000,12,839000,24,88,40,Premium
CUST1085,2300000,11,791000,21,85,30,Premium
CUST1287,1320000,6,507000,16,69,37,Standard
CUST1083,2520000,10,1002000,28,80,34,Premium
CUST1992,120000,2,50000,3,26,25,New
CUST1790,530000,4,160000,12,34,34,Basic
CUST1895,480000,2,268000,11,41,41,Basic
CUST1399,1430000,8,302000,14,53,33,Standard
CUST1324,1470000,6,475000,16,67,37,Standard
CUST1520,1330000,6,434000,15,73,57,Standard
CUST1917,490000,2,90000,17,51,32,Basic
CUST1923,630000,3,192000,20,37,25,Basic
CUST1006,4200000,31,1797000,32,97,35,VIP
CUST1732,430000,2,207000,14,49,35,Basic
CUST1466,1370000,5,417000,14,65,32,Standard
CUST1098,2690000,17,868000,26,83,30,Premium
CUST1267,1370000,9,452000,15,64,54,Standard
CUST1358,1280000,6,432000,24,52,32,Standard
CUST1869,400000,3,205000,9,44,31,Basic
CUST1799,290000,3,187000,11,44,30,Basic
CUST1381,900000,5,546000,14,61,45,Standard
CUST1632,1310000,5,464000,23,70,36,Standard
CUST1382,1410000,6,402000,24,79,50,Standard
CUST1491,1450000,5,501000,17,68,29,Standard
CUST1119,1880000,15,871000,25,82,37,Premium
CUST1901,380000,3,227000,12,38,28,Basic
CUST1251,1410000,5,385000,18,64,35,Standard
CUST1524,1340000,6,518000,9,64,34,Standard
CUST1010,5020000,28,1632000,38,96,53,VIP
CUST1197,1990000,12,751000,19,86,43,Premium
CUST1604,1490000,7,340000,19,49,40,Standard
CUST1082,2310000,10,1019000,29,85,44,Premium
CUST1784,510000,3,150000,8,50,33,Basic
CUST1588,1060000,8,403000,13,63,61,Standard
CUST1798,330000,2,338000,11,51,23,Basic
CUST1240,2450000,13,825000,33,87,39,Premium
CUST1291,1230000,6,456000,23,58,42,Standard
CUST1212,2470000,10,776000,31,90,39,Premium
CUST1718,400000,4,135000,7,40,34,Basic
CUST1360,1000000,5,420000,17,75,46,Standard
CUST1450,1320000,8,537000,13,70,53,Standard
CUST1228,2540000,10,970000,24,85,29,Premium
CUST1951,150000,1,102000,5,22,18,New
CUST1947,520000,4,218000,11,37,25,Basic
CUST1797,500000,4,145000,2,47,30,Basic
CUST1502,1350000,4,537000,16,64,53,Standard
CUST1465,1150000,5,388000,13,61,42,Standard
CUST1363,1190000,6,383000,26,52,42,Standard
CUST1469,1430000,5,441000,15,79,37,Standard
CUST1936,570000,5,252000,12,41,18,Basic
CUST1429,1420000,6,453000,12,63,39,Standard
CUST1008,4440000,24,1504000,34,94,53,VIP
CUST1156,2330000,16,705000,14,87,32,Premium
CUST1542,1340000,5,468000,11,70,43,Standard
CUST1441,1610000,6,382000,15,56,32,Standard
CUST1483,1400000,6,491000,34,48,57,Standard
CUST1423,1360000,5,417000,17,73,49,Standard
CUST1779,410000,3,233000,7,49,20,Basic
CUST1950,670000,4,180000,10,44,33,Basic
CUST1335,870000,6,450000,15,70,49,Standard
CUST1577,1470000,5,452000,13,79,59,Standard
CUST1935,540000,3,136000,11,52,28,Basic
CUST1568,1290000,6,485000,8,70,41,Standard
CUST1595,1440000,6,468000,22,67,49,Standard
CUST1531,1450000,7,362000,17,59,53,Standard
CUST1582,1560000,7,376000,12,62,38,Standard
CUST1708,440000,4,201000,7,46,46,Basic
CUST1449,1400000,7,369000,17,65,39,Standard
CUST1454,1130000,6,606000,16,57,55,Standard
CUST1229,2370000,10,833000,34,78,25,Premium
CUST1353,1260000,4,509000,16,63,30,Standard
CUST1729,430000,3,113000,10,36,29,Basic
CUST1213,2170000,11,971000,26,97,37,Premium
CUST1080,2990000,12,908000,27,100,42,Premium
CUST1149,2680000,14,932000,28,90,42,Premium
CUST1303,1570000,7,429000,14,48,33,Standard
CUST1629,1380000,5,530000,16,59,32,Standard
CUST1778,440000,3,236000,12,40,41,Basic
CUST1507,1180000,6,373000,17,70,42,Standard
CUST1343,1120000,6,342000,15,61,49,Standard
CUST1486,1140000,7,392000,21,70,58,Standard
CUST1712,530000,1,144000,15,44,24,Basic
CUST1134,2510000,12,944000,22,85,32,Premium
CUST1704,530000,1,80000,15,45,37,Basic
CUST1312,1460000,8,363000,16,56,38,Standard
CUST1723,580000,3,224000,10,32,32,Basic
CUST1630,900000,7,304000,13,48,39,Standard
CUST1001,4750000,25,1930000,52,94,43,VIP
CUST1317,1200000,8,495000,17,71,37,Standard
CUST1707,640000,3,273000,12,30,35,Basic
CUST1548,820000,7,325000,24,62,38,Standard
CUST1873,390000,3,215000,18,34,38,Basic
CUST1533,1710000,5,327000,10,71,21,Standard
CUST1478,1030000,7,483000,17,58,31,Standard
CUST1405,940000,7,496000,18,74,37,Standard
CUST1173,2620000,13,802000,33,79,26,Premium
CUST1126,2220000,9,752000,30,80,51,Premium
CUST1395,1120000,8,407000,11,56,52,Standard
CUST1421,1290000,10,479000,17,72,45,Standard
CUST1553,1670000,4,421000,20,65,30,Standard
CUST1904,440000,2,202000,8,52,27,Basic
CUST1091,2750000,10,903000,32,73,30,Premium
CUST1940,420000,4,304000,9,42,30,Basic
CUST1182,2810000,12,824000,24,85,35,Premium
CUST1275,1040000,7,435000,22,74,66,Standard
CUST1896,380000,2,145000,12,48,34,Basic
CUST1070,2600000,11,1005000,26,91,35,Premium
CUST1292,1450000,7,465000,22,43,47,Standard
CUST1132,2750000,13,843000,17,87,36,Premium
CUST1301,1630000,6,393000,12,51,24,Standard
CUST1425,1740000,7,340000,16,73,61,Standard
CUST1327,820000,11,534000,19,65,43,Standard
CUST1145,2320000,11,879000,27,88,47,Premium
CUST1424,1000000,6,393000,13,63,37,Standard
CUST1581,1190000,2,421000,18,57,35,Standard
CUST1136,2440000,11,995000,26,90,26,Premium
CUST1451,1330000,8,611000,22,67,50,Standard
CUST1165,2500000,10,1000000,29,84,35,Premium
CUST1029,4380000,23,1622000,33,95,48,VIP
CUST1774,300000,0,241000,12,43,39,Basic
CUST1194,2790000,11,600000,36,78,25,Premium
CUST1389,1390000,7,426000,18,53,36,Standard
CUST1853,500000,2,193000,14,58,23,Basic
CUST1170,3020000,12,785000,23,83,38,Premium
CUST1706,340000,4,169000,14,32,19,Basic
CUST1141,2490000,13,738000,27,86,38,Premium
CUST1174,2570000,14,1018000,23,90,35,Premium
CUST1007,4600000,19,1534000,42,97,46,VIP
CUST1746,530000,4,265000,14,52,32,Basic
CUST1479,1360000,8,399000,20,48,34,Standard
CUST1074,1990000,12,888000,25,75,34,Premium
CUST1911,500000,4,255000,10,29,28,Basic
CUST1814,430000,4,250000,16,38,32,Basic
CUST1239,2430000,11,881000,29,89,32,Premium
CUST1146,2450000,10,712000,21,85,46,Premium
CUST1793,480000,3,173000,13,33,38,Basic
CUST1235,2800000,10,708000,33,83,33,Premium
CUST1221,2520000,13,843000,27,85,23,Premium
CUST1924,380000,4,284000,17,55,26,Basic
CUST1501,870000,5,417000,26,69,27,Standard
CUST1133,2580000,9,742000,30,85,39,Premium
CUST1991,80000,1,100000,3,30,32,New
CUST1775,560000,5,130000,12,32,26,Basic
CUST1186,2440000,12,937000,27,86,37,Premium
CUST1042,4260000,23,2153000,43,91,52,VIP
CUST1697,1250000,6,595000,17,67,35,Standard
CUST1109,2430000,13,1035000,31,84,28,Premium
CUST1589,880000,4,570000,25,64,28,Standard
CUST1057,2250000,11,891000,22,81,36,Premium
CUST1406,1360000,4,448000,17,67,36,Standard
CUST1443,1350000,8,397000,21,56,49,Standard
CUST1758,320000,2,219000,14,44,28,Basic
CUST1998,250000,1,148000,5,17,25,New
CUST1025,4630000,27,1553000,29,97,47,VIP
CUST1468,1320000,4,442000,11,64,32,Standard
CUST1540,990000,6,531000,13,66,49,Standard
CUST1532,1010000,7,521000,25,62,47,Standard
CUST1619,1330000,6,335000,13,67,19,Standard
CUST1695,1160000,7,426000,17,73,33,Standard
CUST1927,510000,4,199000,14,37,28,Basic
CUST1339,1290000,5,515000,14,69,45,Standard
CUST1052,2880000,11,905000,24,84,42,Premium
CUST1508,1130000,6,507000,10,74,37,Standard
CUST1517,1460000,7,440000,20,59,49,Standard
CUST1921,430000,2,238000,10,38,23,Basic
CUST1782,420000,2,128000,11,44,30,Basic
CUST1265,1340000,7,464000,17,58,41,Standard
CUST1818,400000,3,232000,15,41,19,Basic
CUST1711,600000,3,238000,11,45,32,Basic
CUST1683,1230000,6,549000,14,70,34,Standard
CUST1833,490000,4,167000,12,51,53,Basic
CUST1519,1340000,3,357000,17,63,28,Standard
CUST1448,1180000,7,477000,19,69,25,Standard
CUST1019,4630000,25,1416000,40,95,65,VIP
CUST1716,550000,3,126000,11,55,18,Basic
CUST1484,1190000,6,446000,16,60,43,Standard
CUST1569,1210000,9,396000,16,81,32,Standard
CUST1434,1490000,5,300000,20,60,28,Standard
CUST1368,1390000,4,373000,20,77,44,Standard
CUST1084,2240000,9,943000,35,78,38,Premium
CUST1062,2570000,12,860000,21,85,38,Premium
CUST1639,1490000,7,434000,16,73,26,Standard
CUST1273,1120000,8,423000,16,57,44,Standard
CUST1286,1470000,6,276000,21,61,39,Standard
CUST1361,1030000,6,490000,23,78,30,Standard
CUST1355,1250000,7,356000,22,71,47,Standard
CUST1457,1180000,7,574000,21,68,45,Standard
CUST1279,1420000,7,431000,17,62,31,Standard
CUST1013,4480000,30,1276000,47,95,43,VIP
CUST1183,2720000,12,923000,25,85,23,Premium
CUST1369,1190000,6,350000,20,72,35,Standard
CUST1882,380000,4,170000,15,58,32,Basic
CUST1616,1360000,7,547000,22,72,37,Standard
CUST1224,2380000,12,866000,25,87,42,Premium
CUST1573,1350000,6,632000,22,70,27,Standard
CUST1971,150000,1,67000,8,19,18,New
CUST1654,1440000,6,598000,19,62,24,Standard
CUST1546,1210000,5,521000,21,58,54,Standard
CUST1583,1350000,5,491000,26,72,40,Standard
CUST1634,1050000,4,339000,12,55,42,Standard
CUST1177,2490000,14,904000,23,89,18,Premium
CUST1666,910000,5,292000,21,48,40,Standard
CUST1674,1250000,5,466000,21,52,43,Standard
CUST1586,1490000,5,587000,11,68,45,Standard
CUST1874,520000,4,195000,9,51,33,Basic
CUST1394,890000,7,368000,13,53,51,Standard
CUST1164,2020000,14,929000,27,80,35,Premium
CUST1249,2040000,15,795000,38,82,36,Premium
CUST1635,1070000,7,453000,10,70,48,Standard
CUST1886,470000,4,160000,13,40,26,Basic
CUST1670,1230000,5,412000,21,61,39,Standard
CUST1376,1220000,8,334000,18,55,44,Standard
CUST1413,1090000,4,474000,21,63,55,Standard
CUST1075,2110000,13,887000,20,82,29,Premium
CUST1114,2780000,15,922000,19,82,38,Premium
CUST1599,1500000,5,535000,20,83,25,Standard
CUST1962,180000,1,106000,3,44,24,New
CUST1391,1390000,7,489000,16,48,51,Standard
CUST1105,2980000,11,751000,24,85,42,Premium
CUST1115,2130000,13,826000,23,89,38,Premium
CUST1418,1180000,5,363000,15,89,52,Standard
CUST1526,1420000,5,217000,17,57,24,Standard
CUST1458,1260000,7,248000,17,67,28,Standard
CUST1410,1390000,8,404000,19,69,45,Standard
CUST1093,2850000,13,884000,23,83,32,Premium
CUST1931,690000,4,282000,13,54,22,Basic
CUST1090,2300000,12,764000,23,90,32,Premium
CUST1337,1200000,3,501000,13,65,43,Standard
CUST1989,210000,1,71000,4,26,18,New
CUST1922,610000,3,191000,12,55,22,Basic
CUST1934,510000,3,191000,12,43,36,Basic
CUST1606,1370000,5,431000,21,68,43,Standard
CUST1594,1230000,4,469000,15,47,52,Standard
CUST1612,1400000,7,439000,19,73,49,Standard
CUST1095,2860000,11,646000,20,76,33,Premium
CUST1012,4460000,28,1872000,35,96,57,VIP
CUST1397,1180000,4,417000,19,57,30,Standard
CUST1534,1180000,7,465000,20,67,53,Standard
CUST1044,4720000,27,1615000,40,85,37,VIP
CUST1043,5560000,28,1496000,36,99,39,VIP
CUST1330,1250000,5,540000,22,59,44,Standard
CUST1168,2520000,11,920000,27,89,39,Premium
CUST1498,1400000,6,318000,14,64,41,Standard
CUST1877,460000,2,119000,18,55,22,Basic
CUST1598,1630000,4,456000,13,59,31,Standard
CUST1757,520000,3,189000,14,37,44,Basic
CUST1101,2730000,10,937000,32,87,46,Premium
CUST1427,720000,6,476000,22,57,41,Standard
CUST1179,2360000,13,845000,27,85,27,Premium
CUST1445,1340000,4,518000,13,69,46,Standard
CUST1417,1190000,6,513000,19,70,50,Standard
CUST1871,680000,3,189000,9,68,19,Basic
CUST1883,350000,2,266000,11,46,34,Basic
CUST1681,1380000,5,584000,10,75,38,Standard
CUST1178,2840000,9,814000,19,79,42,Premium
CUST1396,1220000,5,463000,20,74,54,Standard
CUST1912,530000,3,184000,12,57,31,Basic
CUST1794,430000,4,137000,14,50,31,Basic
CUST1961,150000,1,71000,3,26,22,New
CUST1685,1240000,6,426000,23,63,42,Standard
CUST1384,1380000,4,534000,14,62,43,Standard
CUST1957,180000,2,81000,6,28,18,New
CUST1752,570000,3,233000,12,36,36,Basic
CUST1258,1580000,5,402000,20,57,43,Standard
CUST1539,1410000,6,417000,10,56,59,Standard
CUST1336,930000,5,388000,14,72,38,Standard
CUST1016,4550000,28,1660000,37,94,33,VIP
CUST1325,1370000,5,480000,18,74,39,Standard
CUST1759,540000,3,270000,15,52,20,Basic
CUST1223,2440000,15,865000,23,82,33,Premium
CUST1180,2800000,11,694000,23,93,40,Premium
CUST1984,150000,2,98000,1,23,33,New
CUST1023,3970000,26,1616000,52,93,42,VIP
CUST1357,1270000,8,351000,12,66,41,Standard
CUST1667,830000,6,581000,19,58,40,Standard
CUST1862,450000,3,162000,9,47,18,Basic
CUST1341,1110000,5,408000,19,58,51,Standard
CUST1432,990000,6,386000,18,75,35,Standard
CUST1552,1360000,7,591000,18,56,44,Standard
CUST1834,580000,2,179000,11,31,25,Basic
CUST1204,2250000,16,731000,27,88,37,Premium
CUST1631,1220000,6,367000,13,69,34,Standard
CUST1094,2620000,11,879000,35,89,33,Premium
CUST1559,1390000,6,408000,17,68,41,Standard
CUST1069,2540000,13,921000,19,77,43,Premium
CUST1623,850000,6,513000,18,61,38,Standard
CUST1285,1330000,6,504000,26,64,30,Standard
CUST1845,570000,3,202000,17,45,30,Basic
CUST1435,1130000,6,402000,9,72,53,Standard
CUST1154,2370000,12,957000,20,86,31,Premium
CUST1076,2480000,14,751000,28,82,30,Premium
CUST1731,520000,3,167000,13,40,25,Basic
CUST1447,1320000,4,458000,17,70,37,Standard
CUST1189,2480000,13,882000,27,93,38,Premium
CUST1272,1160000,8,455000,21,69,32,Standard
CUST1237,2520000,13,1003000,28,88,41,Premium
CUST1488,1210000,6,457000,19,64,42,Standard
CUST1118,2290000,9,694000,28,79,46,Premium
CUST1944,640000,2,197000,9,45,18,Basic
CUST1513,1290000,8,391000,25,71,46,Standard
CUST1826,520000,4,239000,15,48,18,Basic
CUST1592,1390000,8,361000,18,61,24,Standard
CUST1127,2650000,12,764000,29,82,36,Premium
CUST1117,2600000,9,942000,24,82,41,Premium
CUST1474,1690000,6,474000,12,77,28,Standard
CUST1694,1120000,6,451000,20,63,22,Standard
CUST1058,2570000,11,803000,26,78,27,Premium
CUST1864,490000,3,211000,11,43,31,Basic
CUST1913,460000,2,192000,17,44,28,Basic
CUST1370,1160000,6,415000,18,82,38,Standard
CUST1269,1310000,6,427000,12,72,39,Standard
CUST1047,4600000,23,1814000,37,95,50,VIP
CUST1350,1460000,6,504000,14,53,48,Standard
CUST1196,2730000,13,860000,25,81,33,Premium
CUST2000,190000,1,135000,4,30,18,New
CUST1835,570000,2,252000,13,39,27,Basic
CUST1737,530000,1,182000,5,56,19,Basic
CUST1264,1100000,5,466000,23,57,41,Standard
CUST1444,1280000,7,356000,14,70,31,Standard
CUST1676,1100000,6,487000,19,57,42,Standard
CUST1305,1280000,7,363000,24,64,40,Standard
CUST1342,1250000,6,424000,19,72,31,Standard
CUST1967,300000,1,115000,5,28,23,New
CUST1150,2910000,13,833000,26,91,30,Premium
CUST1125,2660000,11,869000,21,82,27,Premium
CUST1787,740000,4,236000,12,53,32,Basic
CUST1051,2250000,11,925000,28,85,36,Premium
CUST1354,740000,6,643000,21,65,37,Standard
CUST1928,440000,4,202000,14,54,34,Basic
CUST1143,2310000,14,992000,22,81,38,Premium
CUST1471,1190000,7,446000,12,65,57,Standard
CUST1400,1230000,4,376000,14,67,41,Standard
CUST1626,1130000,6,550000,16,59,20,Standard
CUST1321,850000,7,364000,19,82,31,Standard
CUST1020,4400000,26,1793000,31,98,51,VIP
CUST1810,620000,5,244000,15,46,27,Basic
CUST1791,550000,3,200000,13,58,26,Basic
CUST1809,440000,3,69000,20,49,29,Basic
CUST1408,990000,7,410000,19,67,38,Standard
CUST1538,1520000,7,473000,14,58,52,Standard
CUST1621,1450000,9,319000,11,60,46,Standard
CUST1039,4140000,27,1654000,42,95,40,VIP
CUST1176,2310000,13,899000,26,82,31,Premium
CUST1246,2860000,11,837000,25,81,39,Premium
CUST1829,470000,4,276000,12,37,18,Basic
CUST1668,1250000,7,341000,20,43,34,Standard
CUST1755,620000,4,131000,14,45,24,Basic
CUST1859,570000,3,314000,9,49,24,Basic
CUST1155,2860000,9,794000,27,93,35,Premium
CUST1288,1400000,7,375000,22,61,48,Standard
CUST1603,1210000,7,505000,21,57,37,Standard
CUST1570,1140000,6,517000,19,55,35,Standard
CUST1744,340000,4,259000,18,52,37,Basic
CUST1018,4330000,23,1768000,43,100,46,VIP
CUST1128,3270000,12,965000,21,85,46,Premium
CUST1323,1160000,6,662000,12,67,45,Standard
CUST1256,1280000,3,476000,17,61,24,Standard
CUST1658,1130000,2,417000,22,69,44,Standard
CUST1965,140000,1,97000,10,8,26,New
CUST1191,2410000,15,835000,26,84,35,Premium
CUST1116,2390000,14,742000,28,88,33,Premium
CUST1617,1140000,6,525000,17,74,55,Standard
CUST1607,1180000,7,440000,20,61,38,Standard
CUST1181,2400000,11,818000,35,87,38,Premium
CUST1302,1300000,7,324000,22,61,41,Standard
CUST1760,490000,3,150000,13,41,33,Basic
CUST1713,360000,2,99000,12,40,20,Basic
CUST1724,290000,3,247000,13,61,36,Basic
CUST1686,1480000,5,575000,12,78,36,Standard
CUST1980,210000,1,51000,7,17,28,New
CUST1518,1580000,8,392000,19,55,46,Standard
CUST1985,110000,1,95000,1,42,18,New
CUST1046,5220000,21,2033000,40,92,49,VIP
CUST1910,600000,4,169000,11,37,26,Basic
CUST1158,2700000,12,1035000,20,77,31,Premium
CUST1852,400000,3,146000,12,41,48,Basic
CUST1172,2510000,12,911000,20,84,25,Premium
CUST1017,4650000,26,1801000,38,91,42,VIP
CUST1512,1600000,6,468000,21,55,57,Standard
CUST1049,4640000,23,1758000,36,93,52,VIP
CUST1972,140000,1,105000,9,23,24,New
CUST1941,580000,2,58000,16,51,18,Basic
CUST1516,890000,7,442000,20,58,53,Standard
CUST1953,190000,1,112000,5,30,23,New
CUST1481,800000,3,401000,20,43,35,Standard
CUST1284,1350000,6,478000,20,70,51,Standard
CUST1719,480000,3,202000,7,49,31,Basic
CUST1878,530000,3,260000,10,54,24,Basic
CUST1226,2150000,8,904000,29,82,19,Premium
CUST1027,5430000,26,1562000,45,92,51,VIP
CUST1955,130000,0,34000,6,26,25,New
CUST1438,1270000,8,483000,15,76,47,Standard
CUST1952,200000,1,77000,10,26,18,New
CUST1365,810000,8,336000,17,62,46,Standard
CUST1230,2940000,12,783000,30,82,46,Premium
CUST1038,4840000,20,1706000,49,95,36,VIP
CUST1966,70000,0,109000,6,22,24,New
CUST1375,1570000,6,378000,13,63,49,Standard
CUST1470,1620000,7,489000,19,68,21,Standard
CUST1968,130000,2,135000,6,2,22,New
CUST1851,600000,4,212000,12,48,30,Basic
CUST1705,360000,4,293000,13,47,28,Basic
CUST1842,290000,3,256000,11,51,31,Basic
CUST1195,2810000,17,988000,28,88,40,Premium
CUST1855,570000,2,186000,12,46,29,Basic
CUST1865,600000,1,182000,13,38,42,Basic
CUST1504,1160000,7,546000,16,62,52,Standard
CUST1970,50000,1,76000,6,13,23,New
CUST1831,380000,4,214000,12,50,41,Basic
CUST1580,1110000,4,528000,10,74,54,Standard
CUST1969,290000,1,133000,9,27,18,New
CUST1163,2750000,11,805000,16,83,20,Premium
CUST1909,530000,2,178000,12,59,19,Basic
CUST1153,2570000,15,840000,26,88,36,Premium
CUST1802,430000,4,271000,11,51,18,Basic
CUST1994,130000,2,76000,10,25,18,New
CUST1756,520000,4,225000,9,51,23,Basic
CUST1112,2420000,15,585000,30,91,23,Premium
CUST1227,2340000,13,702000,26,85,38,Premium
CUST1689,1100000,8,431000,18,74,53,Standard
CUST1104,2640000,12,771000,27,94,43,Premium
CUST1422,1330000,7,615000,13,69,31,Standard
CUST1420,1220000,6,457000,9,63,31,Standard
CUST1751,400000,2,121000,13,43,31,Basic
CUST1587,1090000,7,552000,9,69,18,Standard
CUST1781,480000,2,274000,10,37,33,Basic
CUST1673,1020000,2,385000,22,69,38,Standard
CUST1120,2490000,14,861000,26,83,35,Premium
CUST1054,2600000,12,860000,28,81,48,Premium
CUST1152,2090000,13,915000,36,83,36,Premium
CUST1404,1330000,4,534000,23,63,40,Standard
CUST1946,750000,3,168000,20,34,28,Basic
CUST1208,2330000,10,785000,19,85,30,Premium
CUST1659,1190000,4,491000,15,82,46,Standard
CUST1844,490000,3,185000,15,42,18,Basic
CUST1763,580000,2,163000,11,36,43,Basic
CUST1009,4670000,20,1865000,37,93,50,VIP
CUST1808,570000,3,258000,14,28,24,Basic
CUST1037,4110000,24,1703000,41,100,30,VIP
CUST1453,1350000,4,479000,10,70,49,Standard
CUST1652,1520000,4,497000,15,54,42,Standard
CUST1254,1050000,9,548000,20,63,30,Standard
CUST1304,1210000,5,439000,18,63,33,Standard
CUST1747,450000,4,130000,15,35,30,Basic
CUST1572,1300000,8,486000,22,69,53,Standard
CUST1624,1180000,4,393000,20,68,42,Standard
CUST1733,530000,2,242000,8,38,20,Basic
CUST1892,470000,1,100000,12,50,31,Basic
CUST1263,1310000,4,487000,18,52,52,Standard
CUST1611,1180000,5,480000,19,75,27,Standard
CUST1298,950000,7,457000,12,63,32,Standard
CUST1415,1140000,7,419000,18,65,21,Standard
CUST1151,2610000,11,853000,31,86,35,Premium
CUST1789,660000,3,141000,12,37,32,Basic
CUST1641,1130000,5,528000,13,78,48,Standard
CUST1890,420000,3,174000,10,42,34,Basic
CUST1551,1320000,5,467000,14,74,51,Standard
CUST1887,350000,3,190000,14,47,18,Basic
CUST1489,1570000,7,520000,16,58,50,Standard
CUST1148,2350000,14,918000,34,88,33,Premium
CUST1147,2340000,12,848000,31,98,32,Premium
CUST1721,500000,3,261000,9,39,36,Basic
CUST1932,440000,0,259000,17,41,26,Basic
CUST1740,440000,4,259000,11,42,32,Basic
CUST1660,1130000,5,443000,17,74,42,Standard
CUST1349,1160000,8,476000,19,70,29,Standard
CUST1464,1240000,7,520000,15,55,30,Standard
CUST1326,900000,8,378000,15,60,54,Standard
CUST1187,3220000,12,870000,30,91,42,Premium
CUST1124,3000000,14,666000,19,82,35,Premium
CUST1854,340000,4,131000,11,43,27,Basic
CUST1609,1410000,5,483000,20,69,32,Standard
CUST1144,2330000,13,870000,17,93,46,Premium
CUST1959,150000,1,99000,4,39,18,New
CUST1198,2780000,9,751000,30,80,34,Premium
CUST1610,1280000,7,451000,10,66,62,Standard
CUST1280,1570000,6,547000,24,73,36,Standard
CUST1294,1570000,8,581000,21,66,24,Standard
CUST1401,1110000,6,406000,17,78,53,Standard
CUST1123,2620000,9,953000,27,86,41,Premium
CUST1184,2770000,13,950000,11,95,34,Premium
CUST1203,2280000,14,821000,31,82,37,Premium
CUST1439,1160000,5,474000,20,67,43,Standard
CUST1247,2460000,13,761000,23,89,33,Premium
CUST1416,1250000,5,411000,24,55,48,Standard
CUST1933,420000,3,256000,7,48,26,Basic
CUST1766,440000,3,227000,5,45,29,Basic
CUST1907,490000,4,217000,12,40,23,Basic
CUST1836,660000,4,200000,11,46,24,Basic
CUST1888,610000,3,210000,12,41,30,Basic
CUST1130,2690000,9,777000,24,85,39,Premium
CUST1638,1240000,6,396000,23,56,45,Standard
CUST1403,1030000,5,531000,19,69,43,Standard
CUST1785,560000,3,270000,11,53,28,Basic
CUST1771,450000,5,156000,14,48,38,Basic
CUST1736,430000,3,147000,5,47,33,Basic
CUST1914,450000,4,298000,13,46,28,Basic
CUST1220,2500000,9,743000,23,82,34,Premium
CUST1642,1470000,5,438000,12,61,45,Standard
CUST1916,460000,4,181000,18,48,18,Basic
CUST1753,440000,2,191000,9,42,31,Basic
CUST1807,450000,2,268000,10,39,29,Basic
CUST1920,620000,1,225000,14,35,18,Basic
CUST1625,1050000,6,276000,19,76,25,Standard
CUST1875,600000,3,170000,7,52,31,Basic
CUST1761,390000,5,155000,13,51,23,Basic
CUST1387,1420000,5,405000,14,69,48,Standard
CUST1973,90000,1,106000,5,6,37,New
CUST1510,1600000,5,406000,19,55,36,Standard
CUST1268,1120000,5,411000,14,66,56,Standard
CUST1820,370000,3,253000,11,56,38,Basic
CUST1442,1180000,4,451000,22,58,55,Standard
CUST1497,1500000,5,493000,19,67,53,Standard
CUST1113,2400000,11,709000,21,79,46,Premium
CUST1692,1330000,6,409000,19,65,51,Standard
CUST1233,3100000,12,813000,26,78,29,Premium
CUST1870,540000,4,215000,10,41,18,Basic
CUST1608,1050000,6,385000,14,67,42,Standard
CUST1672,1090000,6,578000,21,72,26,Standard
CUST1374,1170000,7,458000,20,81,24,Standard
CUST1982,110000,1,32000,5,23,31,New
CUST1843,530000,3,139000,9,51,28,Basic
CUST1234,2860000,11,745000,28,91,39,Premium
CUST1786,440000,4,220000,13,46,28,Basic
CUST1677,1540000,7,527000,17,71,43,Standard
CUST1318,1480000,7,441000,20,52,29,Standard
CUST1649,1280000,7,505000,20,59,21,Standard
CUST1411,1270000,7,489000,13,72,49,Standard
CUST1899,370000,1,165000,12,46,29,Basic
CUST1710,520000,4,158000,16,44,21,Basic
CUST1359,1230000,4,436000,25,65,42,Standard
CUST1259,1400000,8,442000,17,58,32,Standard
CUST1745,440000,2,243000,13,46,31,Basic
CUST1628,1090000,7,468000,18,57,53,Standard
CUST1633,1300000,6,451000,17,64,42,Standard
CUST1283,1420000,4,460000,26,57,33,Standard
CUST1377,1430000,5,242000,19,68,44,Standard
CUST1385,1650000,11,499000,17,69,49,Standard
CUST1225,2780000,9,595000,30,78,34,Premium
CUST1954,180000,0,87000,9,17,20,New
CUST1815,560000,3,161000,17,47,33,Basic
CUST1473,1560000,6,431000,17,80,56,Standard
CUST1348,960000,3,406000,13,61,39,Standard
CUST1506,750000,5,486000,14,65,44,Standard
CUST1640,1060000,5,549000,20,57,37,Standard
CUST1988,180000,1,47000,4,32,26,New
CUST1929,530000,2,200000,10,42,25,Basic
CUST1906,430000,2,205000,11,51,23,Basic
CUST1620,1450000,6,709000,27,64,39,Standard
CUST1856,540000,4,220000,13,32,28,Basic
CUST1804,560000,3,192000,11,38,28,Basic
CUST1646,970000,6,362000,12,59,52,Standard
CUST1847,500000,4,217000,16,37,29,Basic
CUST1557,980000,6,490000,25,71,38,Standard
CUST1958,150000,0,47000,7,21,27,New
CUST1578,1280000,8,464000,13,62,41,Standard
CUST1796,500000,2,232000,12,26,34,Basic
CUST1086,2580000,12,826000,20,82,40,Premium
CUST1243,2570000,17,907000,16,89,37,Premium
CUST1699,1170000,6,482000,19,75,18,Standard
CUST1160,2480000,14,884000,27,88,38,Premium
CUST1525,1340000,7,393000,15,64,31,Standard
CUST1036,4790000,28,1991000,45,94,51,VIP
CUST1541,1250000,10,317000,22,64,48,Standard
CUST1171,2660000,11,848000,36,94,38,Premium
CUST1655,1200000,5,527000,20,56,42,Standard
CUST1891,390000,3,115000,10,42,41,Basic
CUST1858,600000,3,245000,12,44,26,Basic
CUST1848,510000,2,248000,19,45,32,Basic
CUST1945,450000,2,235000,14,31,39,Basic
CUST1734,610000,4,224000,15,38,31,Basic
CUST1096,2510000,15,883000,24,89,22,Premium
CUST1564,1350000,5,623000,23,67,50,Standard
CUST1241,2700000,14,868000,19,87,31,Premium
CUST1743,610000,3,263000,13,36,18,Basic
CUST1575,1390000,4,441000,15,62,36,Standard
CUST1691,1370000,8,481000,19,53,18,Standard
CUST1461,1380000,5,522000,15,67,48,Standard
CUST1554,1470000,9,466000,14,53,43,Standard
CUST1889,550000,1,173000,11,47,38,Basic
CUST1207,3000000,11,907000,33,83,34,Premium
CUST1393,1390000,4,547000,19,62,41,Standard
CUST1795,400000,3,141000,11,53,34,Basic
CUST1398,1320000,6,453000,15,63,31,Standard
CUST1767,470000,4,221000,16,43,35,Basic
CUST1849,510000,2,109000,10,34,42,Basic
CUST1218,2450000,10,904000,21,85,35,Premium
CUST1005,4230000,25,1570000,43,93,43,VIP
CUST1769,570000,2,203000,6,57,24,Basic
CUST1643,1510000,4,421000,17,54,46,Standard
CUST1930,400000,1,167000,13,34,28,Basic
CUST1613,1020000,7,445000,18,66,38,Standard
CUST1739,510000,3,111000,5,47,24,Basic
CUST1547,1480000,6,456000,20,58,40,Standard
CUST1726,300000,3,188000,7,48,34,Basic
CUST1684,1220000,6,330000,15,76,49,Standard
CUST1099,2750000,10,857000,23,87,37,Premium
CUST1805,490000,3,204000,14,52,20,Basic
CUST1728,530000,4,170000,18,41,28,Basic
CUST1574,990000,6,462000,16,66,56,Standard
CUST1407,1220000,7,415000,12,79,54,Standard
CUST1503,990000,4,403000,22,53,18,Standard
CUST1048,5290000,21,2227000,24,95,50,VIP
CUST1033,4610000,21,1835000,43,92,46,VIP
CUST1780,580000,2,235000,15,52,30,Basic
CUST1840,570000,5,309000,10,58,31,Basic
CUST1201,2540000,11,862000,28,85,35,Premium
CUST1135,2370000,11,872000,23,91,30,Premium
CUST1028,5080000,23,1993000,43,97,60,VIP
CUST1881,440000,4,251000,14,58,31,Basic
CUST1231,2700000,11,1066000,22,89,37,Premium
CUST1490,1430000,8,402000,17,52,36,Standard
CUST1773,540000,4,166000,3,49,18,Basic
CUST1379,1150000,6,478000,16,60,40,Standard
CUST1289,1320000,9,432000,17,65,37,Standard
CUST1419,980000,4,489000,20,69,37,Standard
CUST1675,1440000,5,506000,29,64,44,Standard
CUST1392,1150000,5,505000,16,73,46,Standard
CUST1593,1320000,10,303000,18,70,41,Standard
CUST1499,1020000,10,571000,20,66,38,Standard
CUST1139,2370000,11,716000,20,80,30,Premium
CUST1063,2940000,14,1065000,21,89,36,Premium
CUST1472,1500000,6,526000,17,51,31,Standard
CUST1648,880000,5,445000,20,47,38,Standard
CUST1129,2310000,16,921000,22,88,41,Premium
CUST1977,50000,1,91000,5,37,35,New
CUST1521,1150000,5,489000,17,64,47,Standard
CUST1839,630000,3,138000,16,51,32,Basic
CUST1963,180000,1,109000,3,30,22,New
CUST1065,2270000,12,884000,34,90,32,Premium
CUST1813,380000,3,170000,9,34,31,Basic
CUST1015,4100000,23,1983000,43,93,49,VIP
CUST1157,2190000,13,874000,22,79,40,Premium
CUST1041,4100000,25,1901000,47,91,42,VIP
CUST1493,1340000,8,374000,25,72,38,Standard
CUST1380,1030000,4,504000,13,70,45,Standard
CUST1188,2690000,10,1013000,19,87,30,Premium
CUST1764,440000,4,210000,9,45,34,Basic
CUST1217,2780000,11,877000,27,82,41,Premium
CUST1792,510000,2,157000,12,54,26,Basic
CUST1053,2750000,14,981000,25,88,33,Premium
CUST1879,370000,4,265000,20,35,34,Basic
CUST1338,1520000,4,208000,19,79,52,Standard
CUST1749,590000,3,220000,9,40,24,Basic
CUST1720,460000,4,144000,15,46,25,Basic
CUST1725,430000,3,198000,7,37,24,Basic
CUST1296,1260000,9,400000,19,59,27,Standard
CUST1702,550000,0,157000,9,43,24,Basic
CUST1252,1390000,7,457000,24,56,38,Standard
CUST1727,520000,3,230000,14,47,21,Basic
CUST1462,1240000,7,409000,17,63,33,Standard
CUST1456,1500000,9,495000,14,81,35,Standard
CUST1997,230000,1,107000,7,15,38,New
CUST1816,420000,2,172000,12,36,28,Basic
CUST1863,460000,2,227000,17,35,18,Basic
CUST1270,1210000,11,474000,15,62,51,Standard
CUST1202,2290000,11,710000,34,79,31,Premium
CUST1162,2300000,16,846000,18,86,31,Premium
CUST1556,1430000,4,577000,20,76,27,Standard
CUST1730,600000,4,81000,18,47,22,Basic
CUST1402,990000,7,515000,13,72,55,Standard
CUST1703,580000,1,202000,14,60,24,Basic
CUST1477,1110000,6,544000,19,61,45,Standard
CUST1822,460000,3,135000,12,54,18,Basic
CUST1772,430000,2,255000,13,33,24,Basic
CUST1106,1990000,15,834000,23,80,25,Premium
CUST1566,930000,5,444000,18,81,26,Standard
CUST1390,1430000,7,490000,18,65,33,Standard
CUST1002,5290000,27,1706000,44,94,41,VIP
CUST1938,410000,3,286000,12,48,36,Basic
CUST1983,80000,0,114000,8,9,34,New
CUST1562,1140000,6,482000,19,64,28,Standard
CUST1081,2460000,10,689000,26,81,26,Premium
CUST1206,2330000,9,841000,38,81,45,Premium
CUST1035,3810000,22,1903000,44,97,70,VIP
CUST1776,480000,4,202000,14,51,45,Basic
CUST1509,1340000,8,340000,15,63,32,Standard
CUST1428,1060000,6,378000,16,57,47,Standard
CUST1455,1640000,6,531000,23,59,35,Standard
CUST1367,1340000,6,399000,20,79,38,Standard
CUST1092,2670000,12,887000,22,85,34,Premium
CUST1340,1460000,10,481000,16,65,22,Standard
CUST1898,410000,5,242000,12,56,18,Basic
CUST1565,1470000,5,385000,18,72,41,Standard
CUST1346,1440000,8,457000,19,60,37,Standard
CUST1777,470000,2,212000,10,57,26,Basic
CUST1242,2340000,13,974000,25,87,45,Premium
CUST1014,4550000,19,1756000,43,99,41,VIP
CUST1316,1360000,6,415000,18,64,36,Standard
CUST1601,1090000,5,614000,18,71,32,Standard
CUST1388,1340000,9,450000,21,56,36,Standard
CUST1274,1660000,4,452000,24,64,45,Standard
CUST1167,3040000,13,793000,28,92,41,Premium
CUST1841,550000,1,191000,10,52,37,Basic
CUST1993,110000,1,116000,8,24,30,New
CUST1647,1440000,6,327000,17,67,42,Standard
CUST1819,530000,2,174000,16,52,29,Basic
CUST1485,950000,7,417000,13,61,53,Standard
CUST1981,50000,2,120000,3,10,38,New
CUST1505,880000,5,465000,20,61,40,Standard
CUST1832,480000,3,210000,19,28,33,Basic
CUST1244,2890000,13,836000,19,84,30,Premium
CUST1567,1350000,8,632000,16,69,46,Standard
CUST1876,400000,2,177000,8,38,19,Basic
CUST1563,1540000,9,315000,14,63,30,Standard
CUST1687,1200000,3,414000,14,60,39,Standard
CUST1190,2430000,14,969000,19,88,39,Premium
CUST1783,600000,4,190000,11,49,38,Basic
CUST1700,770000,5,538000,12,41,46,Standard
CUST1476,1140000,7,362000,19,75,35,Standard
CUST1682,1420000,6,541000,16,56,54,Standard
CUST1511,1310000,6,443000,16,53,43,Standard
CUST1059,2280000,12,881000,32,89,34,Premium
CUST1475,1290000,4,403000,15,60,35,Standard
CUST1561,1020000,3,306000,13,59,60,Standard
CUST1857,550000,4,165000,10,40,32,Basic
CUST1748,420000,4,198000,7,48,23,Basic
CUST1253,1110000,3,443000,18,77,46,Standard
CUST1022,4000000,23,1820000,36,90,46,VIP
CUST1314,910000,5,527000,24,55,34,Standard
CUST1460,1240000,5,466000,15,56,46,Standard
CUST1161,2690000,15,870000,29,85,44,Premium
CUST1277,1280000,8,369000,23,76,39,Standard
CUST1956,140000,1,131000,6,19,23,New
CUST1192,2170000,9,1009000,21,80,22,Premium
CUST1386,1190000,9,468000,20,70,44,Standard
CUST1806,590000,2,229000,14,30,29,Basic
CUST1414,980000,7,402000,25,81,32,Standard
CUST1492,1270000,2,435000,11,75,48,Standard
CUST1344,1300000,6,518000,17,68,39,Standard
CUST1770,510000,3,257000,3,45,27,Basic
CUST1309,1440000,7,398000,25,55,49,Standard
CUST1662,1310000,3,611000,23,62,29,Standard
CUST1131,2550000,9,888000,28,88,41,Premium
CUST1664,1360000,4,559000,25,90,29,Standard
CUST1872,460000,3,230000,15,59,32,Basic
CUST1100,2810000,11,823000,20,83,37,Premium
CUST1373,860000,7,353000,21,65,30,Standard
CUST1088,2300000,13,774000,16,77,35,Premium
CUST1459,1330000,6,590000,24,61,38,Standard
CUST1331,1060000,4,400000,21,73,45,Standard
CUST1215,2260000,9,666000,28,79,22,Premium
CUST1467,1360000,3,421000,19,66,67,Standard
CUST1122,2510000,13,796000,21,86,29,Premium
CUST1615,1370000,5,649000,19,75,38,Standard
CUST1021,4900000,22,2081000,29,97,63,VIP
CUST1701,520000,2,151000,9,46,23,Basic
CUST1072,2210000,13,956000,16,79,23,Premium
CUST1107,2750000,12,721000,19,83,45,Premium
CUST1271,1270000,4,524000,15,80,51,Standard
CUST1861,530000,1,195000,12,51,36,Basic
CUST1436,1380000,4,434000,18,70,47,Standard
CUST1103,2580000,10,1095000,26,86,39,Premium
